{
    "0.001": {
        "robert_sajina": {
            "iterations": 11,
            "test_acc": 0.1918981522321701
        },
        "romeo_sajina": {
            "iterations": 12,
            "test_acc": 0.2622685134410858
        },
        "alesandro_zuzic": {
            "iterations": 18,
            "test_acc": 0.4548611044883728
        },
        "luka_blaskovic": {
            "iterations": 16,
            "test_acc": 0.23125000298023224
        },
        "laura_loncaric": {
            "iterations": 26,
            "test_acc": 0.23032407462596893
        },
        "matej_visnjic": {
            "iterations": 11,
            "test_acc": 0.27222222089767456
        },
        "matija_hamer": {
            "iterations": 10,
            "test_acc": 0.2849537134170532
        },
        "rafael_krstacic": {
            "iterations": 16,
            "test_acc": 0.37453705072402954
        }
    },
    "0.005": {
        "robert_sajina": {
            "iterations": 13,
            "test_acc": 0.17175926268100739
        },
        "romeo_sajina": {
            "iterations": 21,
            "test_acc": 0.33912035822868347
        },
        "alesandro_zuzic": {
            "iterations": 18,
            "test_acc": 0.45277777314186096
        },
        "luka_blaskovic": {
            "iterations": 30,
            "test_acc": 0.2631944417953491
        },
        "laura_loncaric": {
            "iterations": 38,
            "test_acc": 0.2986111044883728
        },
        "matej_visnjic": {
            "iterations": 17,
            "test_acc": 0.2874999940395355
        },
        "matija_hamer": {
            "iterations": 1000,
            "test_acc": 0.5180555582046509
        },
        "rafael_krstacic": {
            "iterations": 16,
            "test_acc": 0.3715277910232544
        }
    },
    "0.01": {
        "robert_sajina": {
            "iterations": 24,
            "test_acc": 0.1918981522321701
        },
        "romeo_sajina": {
            "iterations": 24,
            "test_acc": 0.31921297311782837
        },
        "alesandro_zuzic": {
            "iterations": 36,
            "test_acc": 0.44236111640930176
        },
        "luka_blaskovic": {
            "iterations": 33,
            "test_acc": 0.2266203761100769
        },
        "laura_loncaric": {
            "iterations": 30,
            "test_acc": 0.3479166626930237
        },
        "matej_visnjic": {
            "iterations": 21,
            "test_acc": 0.28148147463798523
        },
        "matija_hamer": {
            "iterations": 36,
            "test_acc": 0.3238425850868225
        },
        "rafael_krstacic": {
            "iterations": 27,
            "test_acc": 0.38310185074806213
        }
    },
    "0.025": {
        "robert_sajina": {
            "iterations": 36,
            "test_acc": 0.17314815521240234
        },
        "romeo_sajina": {
            "iterations": 36,
            "test_acc": 0.30439814925193787
        },
        "alesandro_zuzic": {
            "iterations": 36,
            "test_acc": 0.45277777314186096
        },
        "luka_blaskovic": {
            "iterations": 96,
            "test_acc": 0.24120371043682098
        },
        "laura_loncaric": {
            "iterations": 60,
            "test_acc": 0.3317129611968994
        },
        "matej_visnjic": {
            "iterations": 54,
            "test_acc": 0.27291667461395264
        },
        "matija_hamer": {
            "iterations": 72,
            "test_acc": 0.31134259700775146
        },
        "rafael_krstacic": {
            "iterations": 36,
            "test_acc": 0.36064815521240234
        }
    },
    "0.05": {
        "robert_sajina": {
            "iterations": 66,
            "test_acc": 0.18703703582286835
        },
        "romeo_sajina": {
            "iterations": 242,
            "test_acc": 0.35902777314186096
        },
        "alesandro_zuzic": {
            "iterations": 66,
            "test_acc": 0.4530092477798462
        },
        "luka_blaskovic": {
            "iterations": 110,
            "test_acc": 0.25393518805503845
        },
        "laura_loncaric": {
            "iterations": 154,
            "test_acc": 0.31041666865348816
        },
        "matej_visnjic": {
            "iterations": 3399,
            "test_acc": 0.6405092477798462
        },
        "matija_hamer": {
            "iterations": 77,
            "test_acc": 0.31388887763023376
        },
        "rafael_krstacic": {
            "iterations": 55,
            "test_acc": 0.3604166805744171
        }
    },
    "0.1": {
        "robert_sajina": {
            "iterations": 6447,
            "test_acc": 0.8956018686294556
        },
        "romeo_sajina": {
            "iterations": 3549,
            "test_acc": 0.856249988079071
        },
        "alesandro_zuzic": {
            "iterations": 105,
            "test_acc": 0.4516203701496124
        },
        "luka_blaskovic": {
            "iterations": 378,
            "test_acc": 0.28958332538604736
        },
        "laura_loncaric": {
            "iterations": 1134,
            "test_acc": 0.3777777850627899
        },
        "matej_visnjic": {
            "iterations": 6951,
            "test_acc": 0.8203703761100769
        },
        "matija_hamer": {
            "iterations": 5376,
            "test_acc": 0.8502314686775208
        },
        "rafael_krstacic": {
            "iterations": 105,
            "test_acc": 0.37962964177131653
        }
    },
    "0.2": {
        "robert_sajina": {
            "iterations": 8774,
            "test_acc": 0.949999988079071
        },
        "romeo_sajina": {
            "iterations": 5453,
            "test_acc": 0.9293981194496155
        },
        "alesandro_zuzic": {
            "iterations": 6232,
            "test_acc": 0.8534722328186035
        },
        "luka_blaskovic": {
            "iterations": 6888,
            "test_acc": 0.8675925731658936
        },
        "laura_loncaric": {
            "iterations": 1230,
            "test_acc": 0.3921296298503876
        },
        "matej_visnjic": {
            "iterations": 9020,
            "test_acc": 0.8777777552604675
        },
        "matija_hamer": {
            "iterations": 7708,
            "test_acc": 0.9002314805984497
        },
        "rafael_krstacic": {
            "iterations": 6273,
            "test_acc": 0.8923611044883728
        }
    },
    "0.3": {
        "robert_sajina": {
            "iterations": 9272,
            "test_acc": 0.9608796238899231
        },
        "romeo_sajina": {
            "iterations": 5490,
            "test_acc": 0.9270833134651184
        },
        "alesandro_zuzic": {
            "iterations": 6283,
            "test_acc": 0.8520833253860474
        },
        "luka_blaskovic": {
            "iterations": 6832,
            "test_acc": 0.8777777552604675
        },
        "laura_loncaric": {
            "iterations": 4270,
            "test_acc": 0.5694444179534912
        },
        "matej_visnjic": {
            "iterations": 10980,
            "test_acc": 0.8738425970077515
        },
        "matija_hamer": {
            "iterations": 9150,
            "test_acc": 0.9254629611968994
        },
        "rafael_krstacic": {
            "iterations": 8235,
            "test_acc": 0.9115740656852722
        }
    },
    "0.4": {
        "robert_sajina": {
            "iterations": 9558,
            "test_acc": 0.9673610925674438
        },
        "romeo_sajina": {
            "iterations": 6399,
            "test_acc": 0.9469907283782959
        },
        "alesandro_zuzic": {
            "iterations": 6156,
            "test_acc": 0.8527777791023254
        },
        "luka_blaskovic": {
            "iterations": 9153,
            "test_acc": 0.907870352268219
        },
        "laura_loncaric": {
            "iterations": 3807,
            "test_acc": 0.5444444417953491
        },