{
    "0.001": {
        "robert_sajina": {
            "iterations": 24,
            "test_acc": 0.2916666567325592
        },
        "romeo_sajina": {
            "iterations": 432,
            "test_acc": 0.5078703761100769
        },
        "alesandro_zuzic": {
            "iterations": 19,
            "test_acc": 0.41805556416511536
        },
        "luka_blaskovic": {
            "iterations": 10,
            "test_acc": 0.2594907283782959
        },
        "laura_loncaric": {
            "iterations": 5,
            "test_acc": 0.31805557012557983
        },
        "matej_visnjic": {
            "iterations": 16,
            "test_acc": 0.31296294927597046
        },
        "matija_hamer": {
            "iterations": 12,
            "test_acc": 0.3157407343387604
        },
        "rafael_krstacic": {
            "iterations": 8,
            "test_acc": 0.32499998807907104
        }
    },
    "0.005": {
        "robert_sajina": {
            "iterations": 589,
            "test_acc": 0.5335648059844971
        },
        "romeo_sajina": {
            "iterations": 307,
            "test_acc": 0.6310185194015503
        },
        "alesandro_zuzic": {
            "iterations": 545,
            "test_acc": 0.5731481313705444
        },
        "luka_blaskovic": {
            "iterations": 649,
            "test_acc": 0.5435185432434082
        },
        "laura_loncaric": {
            "iterations": 350,
            "test_acc": 0.39189815521240234
        },
        "matej_visnjic": {
            "iterations": 24,
            "test_acc": 0.3152777850627899
        },
        "matija_hamer": {
            "iterations": 1000,
            "test_acc": 0.5863425731658936
        },
        "rafael_krstacic": {
            "iterations": 13,
            "test_acc": 0.348842591047287
        }
    },
    "0.01": {
        "robert_sajina": {
            "iterations": 48,
            "test_acc": 0.34490740299224854
        },
        "romeo_sajina": {
            "iterations": 147,
            "test_acc": 0.6189814805984497
        },
        "alesandro_zuzic": {
            "iterations": 27,
            "test_acc": 0.4634259343147278
        },
        "luka_blaskovic": {
            "iterations": 21,
            "test_acc": 0.28680557012557983
        },
        "laura_loncaric": {
            "iterations": 21,
            "test_acc": 0.25740739703178406
        },
        "matej_visnjic": {
            "iterations": 24,
            "test_acc": 0.3087962865829468
        },
        "matija_hamer": {
            "iterations": 54,
            "test_acc": 0.3768518567085266
        },
        "rafael_krstacic": {
            "iterations": 18,
            "test_acc": 0.3405092656612396
        }
    },
    "0.025": {
        "robert_sajina": {
            "iterations": 624,
            "test_acc": 0.758564829826355
        },
        "romeo_sajina": {
            "iterations": 288,
            "test_acc": 0.7127314805984497
        },
        "alesandro_zuzic": {
            "iterations": 42,
            "test_acc": 0.4722222089767456
        },
        "luka_blaskovic": {
            "iterations": 666,
            "test_acc": 0.7747685313224792
        },
        "laura_loncaric": {
            "iterations": 36,
            "test_acc": 0.24583333730697632
        },
        "matej_visnjic": {
            "iterations": 42,
            "test_acc": 0.32175925374031067
        },
        "matija_hamer": {
            "iterations": 588,
            "test_acc": 0.6939814686775208
        },
        "rafael_krstacic": {
            "iterations": 30,
            "test_acc": 0.3349536955356598
        }
    },
    "0.05": {
        "robert_sajina": {
            "iterations": 836,
            "test_acc": 0.8655092716217041
        },
        "romeo_sajina": {
            "iterations": 660,
            "test_acc": 0.8817129731178284
        },
        "alesandro_zuzic": {
            "iterations": 880,
            "test_acc": 0.8085648417472839
        },
        "luka_blaskovic": {
            "iterations": 836,
            "test_acc": 0.895370364189148
        },
        "laura_loncaric": {
            "iterations": 1485,
            "test_acc": 0.6747685074806213
        },
        "matej_visnjic": {
            "iterations": 1111,
            "test_acc": 0.875
        },
        "matija_hamer": {
            "iterations": 1463,
            "test_acc": 0.8891203999519348
        },
        "rafael_krstacic": {
            "iterations": 814,
            "test_acc": 0.8930555582046509
        }
    },
    "0.1": {
        "robert_sajina": {
            "iterations": 3129,
            "test_acc": 0.9821759462356567
        },
        "romeo_sajina": {
            "iterations": 1575,
            "test_acc": 0.9798611402511597
        },
        "alesandro_zuzic": {
            "iterations": 1365,
            "test_acc": 0.8935185074806213
        },
        "luka_blaskovic": {
            "iterations": 2058,
            "test_acc": 0.9844907522201538
        },
        "laura_loncaric": {
            "iterations": 1974,
            "test_acc": 0.7752314805984497
        },
        "matej_visnjic": {
            "iterations": 1995,
            "test_acc": 0.9634259343147278
        },
        "matija_hamer": {
            "iterations": 1323,
            "test_acc": 0.9136574268341064
        },
        "rafael_krstacic": {
            "iterations": 1491,
            "test_acc": 0.9673610925674438
        }
    },
    "0.2": {
        "robert_sajina": {
            "iterations": 3936,
            "test_acc": 0.9969907402992249
        },
        "romeo_sajina": {
            "iterations": 3280,
            "test_acc": 1.0
        },
        "alesandro_zuzic": {
            "iterations": 1517,
            "test_acc": 0.918055534362793
        },
        "luka_blaskovic": {
            "iterations": 3116,
            "test_acc": 0.9958333373069763
        },
        "laura_loncaric": {
            "iterations": 4428,
            "test_acc": 0.895370364189148
        },
        "matej_visnjic": {
            "iterations": 3772,
            "test_acc": 0.9967592358589172
        },
        "matija_hamer": {
            "iterations": 3567,
            "test_acc": 0.987500011920929
        },
        "rafael_krstacic": {
            "iterations": 3116,
            "test_acc": 0.9967592358589172
        }
    },
    "0.3": {
        "robert_sajina": {
            "iterations": 4514,
            "test_acc": 0.9993055462837219
        },
        "romeo_sajina": {
            "iterations": 2135,
            "test_acc": 0.9949073791503906
        },
        "alesandro_zuzic": {
            "iterations": 3843,
            "test_acc": 0.9863426089286804
        },
        "luka_blaskovic": {
            "iterations": 4880,
            "test_acc": 0.9997684955596924
        },
        "laura_loncaric": {
            "iterations": 2806,
            "test_acc": 0.8472222089767456
        },
        "matej_visnjic": {
            "iterations": 5063,
            "test_acc": 0.9988425970077515
        },
        "matija_hamer": {
            "iterations": 2806,
            "test_acc": 0.9856481552124023
        },
        "rafael_krstacic": {
            "iterations": 3965,
            "test_acc": 0.9990741014480591
        }
    },
    "0.4": {
        "robert_sajina": {
            "iterations": 7452,
            "test_acc": 1.0
        },
        "romeo_sajina": {
            "iterations": 4131,
            "test_acc": 0.9993055462837219
        },
        "alesandro_zuzic": {
            "iterations": 2106,
            "test_acc": 0.9629629850387573
        },
        "luka_blaskovic": {
            "iterations": 5103,
            "test_acc": 1.0
        },
        "laura_loncaric": {
            "iterations": 3888,
            "test_acc": 0.8914352059364319
        },
        "matej_visnjic": {
            "iterations": 7857,
            "test_acc": 1.0
        },