{
    "0.001": {
        "robert_sajina": {
            "iterations": 12,
            "test_acc": 0.16782407462596893
        },
        "romeo_sajina": {
            "iterations": 10,
            "test_acc": 0.23912036418914795
        },
        "alesandro_zuzic": {
            "iterations": 18,
            "test_acc": 0.37638887763023376
        },
        "luka_blaskovic": {
            "iterations": 10,
            "test_acc": 0.1900462955236435
        },
        "laura_loncaric": {
            "iterations": 9,
            "test_acc": 0.2664351761341095
        },
        "matej_visnjic": {
            "iterations": 11,
            "test_acc": 0.291435182094574
        },
        "matija_hamer": {
            "iterations": 8,
            "test_acc": 0.2256944477558136
        },
        "rafael_krstacic": {
            "iterations": 11,
            "test_acc": 0.3159722089767456
        }
    },
    "0.005": {
        "robert_sajina": {
            "iterations": 14,
            "test_acc": 0.1701388955116272
        },
        "romeo_sajina": {
            "iterations": 23,
            "test_acc": 0.24097222089767456
        },
        "alesandro_zuzic": {
            "iterations": 20,
            "test_acc": 0.3835648000240326
        },
        "luka_blaskovic": {
            "iterations": 15,
            "test_acc": 0.20277777314186096
        },
        "laura_loncaric": {
            "iterations": 15,
            "test_acc": 0.260185182094574
        },
        "matej_visnjic": {
            "iterations": 17,
            "test_acc": 0.2995370328426361
        },
        "matija_hamer": {
            "iterations": 16,
            "test_acc": 0.24699074029922485
        },
        "rafael_krstacic": {
            "iterations": 16,
            "test_acc": 0.36134257912635803
        }
    },
    "0.01": {
        "robert_sajina": {
            "iterations": 18,
            "test_acc": 0.1578703671693802
        },
        "romeo_sajina": {
            "iterations": 21,
            "test_acc": 0.24282407760620117
        },
        "alesandro_zuzic": {
            "iterations": 24,
            "test_acc": 0.3916666805744171
        },
        "luka_blaskovic": {
            "iterations": 24,
            "test_acc": 0.2013888955116272
        },
        "laura_loncaric": {
            "iterations": 24,
            "test_acc": 0.2664351761341095
        },
        "matej_visnjic": {
            "iterations": 21,
            "test_acc": 0.28611111640930176
        },
        "matija_hamer": {
            "iterations": 39,
            "test_acc": 0.2541666626930237
        },
        "rafael_krstacic": {
            "iterations": 24,
            "test_acc": 0.353935182094574
        }
    },
    "0.025": {
        "robert_sajina": {
            "iterations": 36,
            "test_acc": 0.16689814627170563
        },
        "romeo_sajina": {
            "iterations": 48,
            "test_acc": 0.23819445073604584
        },
        "alesandro_zuzic": {
            "iterations": 42,
            "test_acc": 0.3777777850627899
        },
        "luka_blaskovic": {
            "iterations": 36,
            "test_acc": 0.21550926566123962
        },
        "laura_loncaric": {
            "iterations": 30,
            "test_acc": 0.27314814925193787
        },
        "matej_visnjic": {
            "iterations": 36,
            "test_acc": 0.30254629254341125
        },
        "matija_hamer": {
            "iterations": 156,
            "test_acc": 0.25833332538604736
        },
        "rafael_krstacic": {
            "iterations": 36,
            "test_acc": 0.3576388955116272
        }
    },
    "0.05": {
        "robert_sajina": {
            "iterations": 55,
            "test_acc": 0.16620370745658875
        },
        "romeo_sajina": {
            "iterations": 1463,
            "test_acc": 0.6865741014480591
        },
        "alesandro_zuzic": {
            "iterations": 66,
            "test_acc": 0.38148146867752075
        },
        "luka_blaskovic": {
            "iterations": 77,
            "test_acc": 0.25486111640930176
        },
        "laura_loncaric": {
            "iterations": 77,
            "test_acc": 0.21828703582286835
        },
        "matej_visnjic": {
            "iterations": 55,
            "test_acc": 0.29722222685813904
        },
        "matija_hamer": {
            "iterations": 264,
            "test_acc": 0.30162036418914795
        },
        "rafael_krstacic": {
            "iterations": 55,
            "test_acc": 0.3543981611728668
        }
    },
    "0.1": {
        "robert_sajina": {
            "iterations": 105,
            "test_acc": 0.17731481790542603
        },
        "romeo_sajina": {
            "iterations": 4389,
            "test_acc": 0.8752315044403076
        },
        "alesandro_zuzic": {
            "iterations": 3297,
            "test_acc": 0.7604166865348816
        },
        "luka_blaskovic": {
            "iterations": 1785,
            "test_acc": 0.5817129611968994
        },
        "laura_loncaric": {
            "iterations": 1722,
            "test_acc": 0.4168981611728668
        },
        "matej_visnjic": {
            "iterations": 5355,
            "test_acc": 0.8208333253860474
        },
        "matija_hamer": {
            "iterations": 4158,
            "test_acc": 0.7527777552604675
        },
        "rafael_krstacic": {
            "iterations": 105,
            "test_acc": 0.36944442987442017
        }
    },
    "0.2": {
        "robert_sajina": {
            "iterations": 8241,
            "test_acc": 0.9414351582527161
        },
        "romeo_sajina": {
            "iterations": 5289,
            "test_acc": 0.9155092835426331
        },
        "alesandro_zuzic": {
            "iterations": 4100,
            "test_acc": 0.792129635810852
        },
        "luka_blaskovic": {
            "iterations": 6068,
            "test_acc": 0.8754629492759705
        },
        "laura_loncaric": {
            "iterations": 3444,
            "test_acc": 0.5509259104728699
        },
        "matej_visnjic": {
            "iterations": 7544,
            "test_acc": 0.875
        },
        "matija_hamer": {
            "iterations": 6273,
            "test_acc": 0.8363425731658936
        },
        "rafael_krstacic": {
            "iterations": 6396,
            "test_acc": 0.8150463104248047
        }
    },
    "0.3": {
        "robert_sajina": {
            "iterations": 10492,
            "test_acc": 0.9539352059364319
        },
        "romeo_sajina": {
            "iterations": 8845,
            "test_acc": 0.9506944417953491
        },
        "alesandro_zuzic": {
            "iterations": 7991,
            "test_acc": 0.8678240776062012
        },
        "luka_blaskovic": {
            "iterations": 7869,
            "test_acc": 0.9069444537162781
        },
        "laura_loncaric": {
            "iterations": 5490,
            "test_acc": 0.6643518805503845
        },
        "matej_visnjic": {
            "iterations": 9455,
            "test_acc": 0.8965277671813965
        },
        "matija_hamer": {
            "iterations": 8601,
            "test_acc": 0.8692129850387573
        },
        "rafael_krstacic": {
            "iterations": 8235,
            "test_acc": 0.8310185074806213
        }
    },
    "0.4": {
        "robert_sajina": {
            "iterations": 10692,
            "test_acc": 0.9627314805984497
        },
        "romeo_sajina": {
            "iterations": 8910,
            "test_acc": 0.9525462985038757
        },
        "alesandro_zuzic": {
            "iterations": 7047,
            "test_acc": 0.8618055582046509
        },
        "luka_blaskovic": {
            "iterations": 7533,
            "test_acc": 0.8972222208976746
        },
        "laura_loncaric": {
            "iterations": 9477,
            "test_acc": 0.7370370626449585
        },
        "matej_visnjic": {
            "iterations": 9882,