{
    "0.001": {
        "robert_sajina": {
            "iterations": 12,
            "test_acc": 0.20972222089767456
        },
        "romeo_sajina": {
            "iterations": 15,
            "test_acc": 0.3201389014720917
        },
        "alesandro_zuzic": {
            "iterations": 16,
            "test_acc": 0.34398147463798523
        },
        "luka_blaskovic": {
            "iterations": 14,
            "test_acc": 0.25995370745658875
        },
        "laura_loncaric": {
            "iterations": 13,
            "test_acc": 0.2787036895751953
        },
        "matej_visnjic": {
            "iterations": 9,
            "test_acc": 0.2793981432914734
        },
        "matija_hamer": {
            "iterations": 7,
            "test_acc": 0.2587963044643402
        },
        "rafael_krstacic": {
            "iterations": 13,
            "test_acc": 0.34861111640930176
        }
    },
    "0.005": {
        "robert_sajina": {
            "iterations": 15,
            "test_acc": 0.21805556118488312
        },
        "romeo_sajina": {
            "iterations": 519,
            "test_acc": 0.7118055820465088
        },
        "alesandro_zuzic": {
            "iterations": 726,
            "test_acc": 0.5712962746620178
        },
        "luka_blaskovic": {
            "iterations": 17,
            "test_acc": 0.2874999940395355
        },
        "laura_loncaric": {
            "iterations": 252,
            "test_acc": 0.4435185194015503
        },
        "matej_visnjic": {
            "iterations": 969,
            "test_acc": 0.5391203761100769
        },
        "matija_hamer": {
            "iterations": 367,
            "test_acc": 0.4810185134410858
        },
        "rafael_krstacic": {
            "iterations": 16,
            "test_acc": 0.3916666805744171
        }
    },
    "0.01": {
        "robert_sajina": {
            "iterations": 27,
            "test_acc": 0.24004629254341125
        },
        "romeo_sajina": {
            "iterations": 39,
            "test_acc": 0.3965277671813965
        },
        "alesandro_zuzic": {
            "iterations": 24,
            "test_acc": 0.37986111640930176
        },
        "luka_blaskovic": {
            "iterations": 144,
            "test_acc": 0.5168981552124023
        },
        "laura_loncaric": {
            "iterations": 132,
            "test_acc": 0.3456018567085266
        },
        "matej_visnjic": {
            "iterations": 21,
            "test_acc": 0.2872685194015503
        },
        "matija_hamer": {
            "iterations": 120,
            "test_acc": 0.44236111640930176
        },
        "rafael_krstacic": {
            "iterations": 21,
            "test_acc": 0.3655092716217041
        }
    },
    "0.025": {
        "robert_sajina": {
            "iterations": 390,
            "test_acc": 0.6122685074806213
        },
        "romeo_sajina": {
            "iterations": 570,
            "test_acc": 0.8337963223457336
        },
        "alesandro_zuzic": {
            "iterations": 606,
            "test_acc": 0.7076388597488403
        },
        "luka_blaskovic": {
            "iterations": 606,
            "test_acc": 0.7224537134170532
        },
        "laura_loncaric": {
            "iterations": 366,
            "test_acc": 0.41805556416511536
        },
        "matej_visnjic": {
            "iterations": 36,
            "test_acc": 0.3055555522441864
        },
        "matija_hamer": {
            "iterations": 366,
            "test_acc": 0.6261574029922485
        },
        "rafael_krstacic": {
            "iterations": 36,
            "test_acc": 0.3784722089767456
        }
    },
    "0.05": {
        "robert_sajina": {
            "iterations": 1023,
            "test_acc": 0.8310185074806213
        },
        "romeo_sajina": {
            "iterations": 869,
            "test_acc": 0.9136574268341064
        },
        "alesandro_zuzic": {
            "iterations": 1111,
            "test_acc": 0.8326388597488403
        },
        "luka_blaskovic": {
            "iterations": 847,
            "test_acc": 0.8849536776542664
        },
        "laura_loncaric": {
            "iterations": 440,
            "test_acc": 0.48495370149612427
        },
        "matej_visnjic": {
            "iterations": 1408,
            "test_acc": 0.8956018686294556
        },
        "matija_hamer": {
            "iterations": 1254,
            "test_acc": 0.8793981671333313
        },
        "rafael_krstacic": {
            "iterations": 814,
            "test_acc": 0.8708333373069763
        }
    },
    "0.1": {
        "robert_sajina": {
            "iterations": 1764,
            "test_acc": 0.9224537014961243
        },
        "romeo_sajina": {
            "iterations": 1092,
            "test_acc": 0.9736111164093018
        },
        "alesandro_zuzic": {
            "iterations": 2037,
            "test_acc": 0.9442129731178284
        },
        "luka_blaskovic": {
            "iterations": 1134,
            "test_acc": 0.9555555582046509
        },
        "laura_loncaric": {
            "iterations": 1743,
            "test_acc": 0.7682870626449585
        },
        "matej_visnjic": {
            "iterations": 2016,
            "test_acc": 0.956944465637207
        },
        "matija_hamer": {
            "iterations": 2163,
            "test_acc": 0.9710648059844971
        },
        "rafael_krstacic": {
            "iterations": 1491,
            "test_acc": 0.9583333134651184
        }
    },
    "0.2": {
        "robert_sajina": {
            "iterations": 3895,
            "test_acc": 0.989120364189148
        },
        "romeo_sajina": {
            "iterations": 2091,
            "test_acc": 0.9976851940155029
        },
        "alesandro_zuzic": {
            "iterations": 3075,
            "test_acc": 0.9844907522201538
        },
        "luka_blaskovic": {
            "iterations": 2009,
            "test_acc": 0.9858796000480652
        },
        "laura_loncaric": {
            "iterations": 3362,
            "test_acc": 0.8731481432914734
        },
        "matej_visnjic": {
            "iterations": 3485,
            "test_acc": 0.9921296238899231
        },
        "matija_hamer": {
            "iterations": 2993,
            "test_acc": 0.9944444298744202
        },
        "rafael_krstacic": {
            "iterations": 3280,
            "test_acc": 0.9972222447395325
        }
    },
    "0.3": {
        "robert_sajina": {
            "iterations": 6832,
            "test_acc": 0.9976851940155029
        },
        "romeo_sajina": {
            "iterations": 2501,
            "test_acc": 1.0
        },
        "alesandro_zuzic": {
            "iterations": 3538,
            "test_acc": 0.9932870268821716
        },
        "luka_blaskovic": {
            "iterations": 1647,
            "test_acc": 0.9849537014961243
        },
        "laura_loncaric": {
            "iterations": 2318,
            "test_acc": 0.8291666507720947
        },
        "matej_visnjic": {
            "iterations": 5490,
            "test_acc": 1.0
        },
        "matija_hamer": {
            "iterations": 3538,
            "test_acc": 0.9969907402992249
        },
        "rafael_krstacic": {
            "iterations": 5002,
            "test_acc": 0.9986110925674438
        }
    },
    "0.4": {
        "robert_sajina": {
            "iterations": 6561,
            "test_acc": 0.9995370507240295
        },
        "romeo_sajina": {
            "iterations": 2268,
            "test_acc": 1.0
        },
        "alesandro_zuzic": {
            "iterations": 3159,
            "test_acc": 0.9930555820465088
        },
        "luka_blaskovic": {
            "iterations": 1863,
            "test_acc": 0.9868055582046509
        },
        "laura_loncaric": {
            "iterations": 2673,
            "test_acc": 0.8405092358589172
        },
        "matej_visnjic": {
            "iterations": 5427,