{
    "0.001": {
        "robert_sajina": {
            "iterations": 495,
            "test_acc": 0.33217594027519226
        },
        "romeo_sajina": {
            "iterations": 1000,
            "test_acc": 0.4981481432914734
        },
        "alesandro_zuzic": {
            "iterations": 1000,
            "test_acc": 0.4305555522441864
        },
        "luka_blaskovic": {
            "iterations": 756,
            "test_acc": 0.3687500059604645
        },
        "laura_loncaric": {
            "iterations": 59,
            "test_acc": 0.3298611044883728
        },
        "matej_visnjic": {
            "iterations": 65,
            "test_acc": 0.3210648000240326
        },
        "matija_hamer": {
            "iterations": 513,
            "test_acc": 0.35717591643333435
        },
        "rafael_krstacic": {
            "iterations": 334,
            "test_acc": 0.37453705072402954
        }
    },
    "0.005": {
        "robert_sajina": {
            "iterations": 1000,
            "test_acc": 0.48032405972480774
        },
        "romeo_sajina": {
            "iterations": 1000,
            "test_acc": 0.6752314567565918
        },
        "alesandro_zuzic": {
            "iterations": 1000,
            "test_acc": 0.5923610925674438
        },
        "luka_blaskovic": {
            "iterations": 915,
            "test_acc": 0.5150462985038757
        },
        "laura_loncaric": {
            "iterations": 66,
            "test_acc": 0.35370370745658875
        },
        "matej_visnjic": {
            "iterations": 207,
            "test_acc": 0.47546297311782837
        },
        "matija_hamer": {
            "iterations": 114,
            "test_acc": 0.4280092716217041
        },
        "rafael_krstacic": {
            "iterations": 363,
            "test_acc": 0.5754629373550415
        }
    },
    "0.01": {
        "robert_sajina": {
            "iterations": 1980,
            "test_acc": 0.6263889074325562
        },
        "romeo_sajina": {
            "iterations": 852,
            "test_acc": 0.7412037253379822
        },
        "alesandro_zuzic": {
            "iterations": 510,
            "test_acc": 0.553935170173645
        },
        "luka_blaskovic": {
            "iterations": 609,
            "test_acc": 0.4719907343387604
        },
        "laura_loncaric": {
            "iterations": 216,
            "test_acc": 0.4277777671813965
        },
        "matej_visnjic": {
            "iterations": 132,
            "test_acc": 0.36574074625968933
        },
        "matija_hamer": {
            "iterations": 384,
            "test_acc": 0.44930556416511536
        },
        "rafael_krstacic": {
            "iterations": 588,
            "test_acc": 0.521064817905426
        }
    },
    "0.025": {
        "robert_sajina": {
            "iterations": 1806,
            "test_acc": 0.824999988079071
        },
        "romeo_sajina": {
            "iterations": 942,
            "test_acc": 0.8569444417953491
        },
        "alesandro_zuzic": {
            "iterations": 1338,
            "test_acc": 0.7462962865829468
        },
        "luka_blaskovic": {
            "iterations": 1698,
            "test_acc": 0.8037037253379822
        },
        "laura_loncaric": {
            "iterations": 474,
            "test_acc": 0.4817129671573639
        },
        "matej_visnjic": {
            "iterations": 1020,
            "test_acc": 0.738194465637207
        },
        "matija_hamer": {
            "iterations": 798,
            "test_acc": 0.6050925850868225
        },
        "rafael_krstacic": {
            "iterations": 936,
            "test_acc": 0.7460648417472839
        }
    },
    "0.05": {
        "robert_sajina": {
            "iterations": 5665,
            "test_acc": 0.9451388716697693
        },
        "romeo_sajina": {
            "iterations": 1771,
            "test_acc": 0.9543981552124023
        },
        "alesandro_zuzic": {
            "iterations": 1628,
            "test_acc": 0.8333333134651184
        },
        "luka_blaskovic": {
            "iterations": 2310,
            "test_acc": 0.9023148417472839
        },
        "laura_loncaric": {
            "iterations": 2871,
            "test_acc": 0.7215277552604675
        },
        "matej_visnjic": {
            "iterations": 2013,
            "test_acc": 0.9106481671333313
        },
        "matija_hamer": {
            "iterations": 3168,
            "test_acc": 0.9129629731178284
        },
        "rafael_krstacic": {
            "iterations": 3993,
            "test_acc": 0.9245370626449585
        }
    },
    "0.1": {
        "robert_sajina": {
            "iterations": 10227,
            "test_acc": 0.9893518686294556
        },
        "romeo_sajina": {
            "iterations": 10248,
            "test_acc": 0.9956018328666687
        },
        "alesandro_zuzic": {
            "iterations": 7161,
            "test_acc": 0.9576388597488403
        },
        "luka_blaskovic": {
            "iterations": 9660,
            "test_acc": 0.9893518686294556
        },
        "laura_loncaric": {
            "iterations": 2520,
            "test_acc": 0.7476851940155029
        },
        "matej_visnjic": {
            "iterations": 5922,
            "test_acc": 0.980555534362793
        },
        "matija_hamer": {
            "iterations": 8883,
            "test_acc": 0.9824073910713196
        },
        "rafael_krstacic": {
            "iterations": 8568,
            "test_acc": 0.979629635810852
        }
    },
    "0.2": {
        "robert_sajina": {
            "iterations": 10045,
            "test_acc": 0.9930555820465088
        },
        "romeo_sajina": {
            "iterations": 30627,
            "test_acc": 1.0
        },
        "alesandro_zuzic": {
            "iterations": 7667,
            "test_acc": 0.9856481552124023
        },
        "luka_blaskovic": {
            "iterations": 7175,
            "test_acc": 0.9949073791503906
        },
        "laura_loncaric": {
            "iterations": 9553,
            "test_acc": 0.8895833492279053
        },
        "matej_visnjic": {
            "iterations": 8815,
            "test_acc": 0.9990741014480591
        },
        "matija_hamer": {
            "iterations": 8897,
            "test_acc": 0.9960648417472839
        },
        "rafael_krstacic": {
            "iterations": 10496,
            "test_acc": 0.9962962865829468
        }
    },
    "0.3": {
        "robert_sajina": {
            "iterations": 10980,
            "test_acc": 0.9993055462837219
        },
        "romeo_sajina": {
            "iterations": 14396,
            "test_acc": 0.9995370507240295
        },
        "alesandro_zuzic": {
            "iterations": 10919,
            "test_acc": 0.998379647731781
        },
        "luka_blaskovic": {
            "iterations": 11041,
            "test_acc": 0.9993055462837219
        },
        "laura_loncaric": {
            "iterations": 10431,
            "test_acc": 0.9118055701255798
        },
        "matej_visnjic": {
            "iterations": 19581,
            "test_acc": 1.0
        },
        "matija_hamer": {
            "iterations": 11895,
            "test_acc": 0.9997684955596924
        },
        "rafael_krstacic": {
            "iterations": 13420,
            "test_acc": 0.9981481432914734
        }
    },
    "0.4": {
        "robert_sajina": {
            "iterations": 13284,
            "test_acc": 0.9990741014480591
        },
        "romeo_sajina": {
            "iterations": 39366,
            "test_acc": 1.0
        },
        "alesandro_zuzic": {
            "iterations": 15228,
            "test_acc": 0.9990741014480591
        },
        "luka_blaskovic": {
            "iterations": 12069,
            "test_acc": 0.9997684955596924
        },
        "laura_loncaric": {
            "iterations": 10125,
            "test_acc": 0.9037036895751953
        },