{
    "0.001": {
        "robert_sajina": {
            "iterations": 7,
            "test_acc": 0.14513888955116272
        },
        "romeo_sajina": {
            "iterations": 10,
            "test_acc": 0.30092594027519226
        },
        "alesandro_zuzic": {
            "iterations": 19,
            "test_acc": 0.40138888359069824
        },
        "luka_blaskovic": {
            "iterations": 17,
            "test_acc": 0.2784722149372101
        },
        "laura_loncaric": {
            "iterations": 6,
            "test_acc": 0.3351851999759674
        },
        "matej_visnjic": {
            "iterations": 9,
            "test_acc": 0.28125
        },
        "matija_hamer": {
            "iterations": 12,
            "test_acc": 0.2506944537162781
        },
        "rafael_krstacic": {
            "iterations": 7,
            "test_acc": 0.3064814805984497
        }
    },
    "0.005": {
        "robert_sajina": {
            "iterations": 12,
            "test_acc": 0.1328703761100769
        },
        "romeo_sajina": {
            "iterations": 28,
            "test_acc": 0.31712964177131653
        },
        "alesandro_zuzic": {
            "iterations": 21,
            "test_acc": 0.45092591643333435
        },
        "luka_blaskovic": {
            "iterations": 19,
            "test_acc": 0.26087963581085205
        },
        "laura_loncaric": {
            "iterations": 17,
            "test_acc": 0.34074074029922485
        },
        "matej_visnjic": {
            "iterations": 13,
            "test_acc": 0.27476853132247925
        },
        "matija_hamer": {
            "iterations": 21,
            "test_acc": 0.20277777314186096
        },
        "rafael_krstacic": {
            "iterations": 9,
            "test_acc": 0.3134259283542633
        }
    },
    "0.01": {
        "robert_sajina": {
            "iterations": 27,
            "test_acc": 0.13703703880310059
        },
        "romeo_sajina": {
            "iterations": 27,
            "test_acc": 0.29050925374031067
        },
        "alesandro_zuzic": {
            "iterations": 33,
            "test_acc": 0.4347222149372101
        },
        "luka_blaskovic": {
            "iterations": 30,
            "test_acc": 0.2775462865829468
        },
        "laura_loncaric": {
            "iterations": 15,
            "test_acc": 0.3340277671813965
        },
        "matej_visnjic": {
            "iterations": 18,
            "test_acc": 0.2780092656612396
        },
        "matija_hamer": {
            "iterations": 24,
            "test_acc": 0.22013889253139496
        },
        "rafael_krstacic": {
            "iterations": 15,
            "test_acc": 0.3159722089767456
        }
    },
    "0.025": {
        "robert_sajina": {
            "iterations": 42,
            "test_acc": 0.1476851850748062
        },
        "romeo_sajina": {
            "iterations": 198,
            "test_acc": 0.3393518626689911
        },
        "alesandro_zuzic": {
            "iterations": 42,
            "test_acc": 0.4365740716457367
        },
        "luka_blaskovic": {
            "iterations": 42,
            "test_acc": 0.2844907343387604
        },
        "laura_loncaric": {
            "iterations": 42,
            "test_acc": 0.276157408952713
        },
        "matej_visnjic": {
            "iterations": 30,
            "test_acc": 0.28009259700775146
        },
        "matija_hamer": {
            "iterations": 78,
            "test_acc": 0.24097222089767456
        },
        "rafael_krstacic": {
            "iterations": 30,
            "test_acc": 0.3125
        }
    },
    "0.05": {
        "robert_sajina": {
            "iterations": 55,
            "test_acc": 0.1423611044883728
        },
        "romeo_sajina": {
            "iterations": 110,
            "test_acc": 0.31365740299224854
        },
        "alesandro_zuzic": {
            "iterations": 66,
            "test_acc": 0.43449074029922485
        },
        "luka_blaskovic": {
            "iterations": 66,
            "test_acc": 0.3027777671813965
        },
        "laura_loncaric": {
            "iterations": 649,
            "test_acc": 0.3282407522201538
        },
        "matej_visnjic": {
            "iterations": 55,
            "test_acc": 0.2673611044883728
        },
        "matija_hamer": {
            "iterations": 451,
            "test_acc": 0.2837963104248047
        },
        "rafael_krstacic": {
            "iterations": 55,
            "test_acc": 0.31203705072402954
        }
    },
    "0.1": {
        "robert_sajina": {
            "iterations": 2163,
            "test_acc": 0.6736111044883728
        },
        "romeo_sajina": {
            "iterations": 4284,
            "test_acc": 0.9037036895751953
        },
        "alesandro_zuzic": {
            "iterations": 2247,
            "test_acc": 0.6576389074325562
        },
        "luka_blaskovic": {
            "iterations": 2793,
            "test_acc": 0.7162036895751953
        },
        "laura_loncaric": {
            "iterations": 1554,
            "test_acc": 0.41296297311782837
        },
        "matej_visnjic": {
            "iterations": 105,
            "test_acc": 0.24375000596046448
        },
        "matija_hamer": {
            "iterations": 4242,
            "test_acc": 0.8032407164573669
        },
        "rafael_krstacic": {
            "iterations": 105,
            "test_acc": 0.30092594027519226
        }
    },
    "0.2": {
        "robert_sajina": {
            "iterations": 7544,
            "test_acc": 0.9506944417953491
        },
        "romeo_sajina": {
            "iterations": 7175,
            "test_acc": 0.9571759104728699
        },
        "alesandro_zuzic": {
            "iterations": 5945,
            "test_acc": 0.8231481313705444
        },
        "luka_blaskovic": {
            "iterations": 6191,
            "test_acc": 0.8657407164573669
        },
        "laura_loncaric": {
            "iterations": 2788,
            "test_acc": 0.4879629611968994
        },
        "matej_visnjic": {
            "iterations": 8856,
            "test_acc": 0.8613426089286804
        },
        "matija_hamer": {
            "iterations": 5781,
            "test_acc": 0.8636574149131775
        },
        "rafael_krstacic": {
            "iterations": 8405,
            "test_acc": 0.8402777910232544
        }
    },
    "0.3": {
        "robert_sajina": {
            "iterations": 8784,
            "test_acc": 0.9587963223457336
        },
        "romeo_sajina": {
            "iterations": 6649,
            "test_acc": 0.956944465637207
        },
        "alesandro_zuzic": {
            "iterations": 6527,
            "test_acc": 0.8245370388031006
        },
        "luka_blaskovic": {
            "iterations": 7503,
            "test_acc": 0.8752315044403076
        },
        "laura_loncaric": {
            "iterations": 3172,
            "test_acc": 0.5208333134651184
        },
        "matej_visnjic": {
            "iterations": 10675,
            "test_acc": 0.8817129731178284
        },
        "matija_hamer": {
            "iterations": 7503,
            "test_acc": 0.8965277671813965
        },
        "rafael_krstacic": {
            "iterations": 8113,
            "test_acc": 0.8430555462837219
        }
    },
    "0.4": {
        "robert_sajina": {
            "iterations": 8586,
            "test_acc": 0.960185170173645
        },
        "romeo_sajina": {
            "iterations": 11502,
            "test_acc": 0.9763888716697693
        },
        "alesandro_zuzic": {
            "iterations": 7452,
            "test_acc": 0.8377314805984497
        },
        "luka_blaskovic": {
            "iterations": 7857,
            "test_acc": 0.883564829826355
        },
        "laura_loncaric": {
            "iterations": 6237,
            "test_acc": 0.604629635810852
        },
        "matej_visnjic": {
            "iterations": 11745,