{
    "0.001": {
        "robert_sajina": {
            "iterations": 21,
            "test_acc": 0.5032407641410828
        },
        "romeo_sajina": {
            "iterations": 56,
            "test_acc": 0.6439814567565918
        },
        "alesandro_zuzic": {
            "iterations": 28,
            "test_acc": 0.41018518805503845
        },
        "luka_blaskovic": {
            "iterations": 9,
            "test_acc": 0.2944444417953491
        },
        "laura_loncaric": {
            "iterations": 24,
            "test_acc": 0.3951388895511627
        },
        "matej_visnjic": {
            "iterations": 18,
            "test_acc": 0.3270833194255829
        },
        "matija_hamer": {
            "iterations": 9,
            "test_acc": 0.2506944537162781
        },
        "rafael_krstacic": {
            "iterations": 41,
            "test_acc": 0.4462963044643402
        }
    },
    "0.005": {
        "robert_sajina": {
            "iterations": 62,
            "test_acc": 0.6604166626930237
        },
        "romeo_sajina": {
            "iterations": 483,
            "test_acc": 0.8773148059844971
        },
        "alesandro_zuzic": {
            "iterations": 75,
            "test_acc": 0.6629629731178284
        },
        "luka_blaskovic": {
            "iterations": 52,
            "test_acc": 0.6502314805984497
        },
        "laura_loncaric": {
            "iterations": 75,
            "test_acc": 0.5495370626449585
        },
        "matej_visnjic": {
            "iterations": 196,
            "test_acc": 0.6641203761100769
        },
        "matija_hamer": {
            "iterations": 52,
            "test_acc": 0.6851851940155029
        },
        "rafael_krstacic": {
            "iterations": 48,
            "test_acc": 0.6245370507240295
        }
    },
    "0.01": {
        "robert_sajina": {
            "iterations": 117,
            "test_acc": 0.7557870149612427
        },
        "romeo_sajina": {
            "iterations": 123,
            "test_acc": 0.8451389074325562
        },
        "alesandro_zuzic": {
            "iterations": 93,
            "test_acc": 0.6965277791023254
        },
        "luka_blaskovic": {
            "iterations": 150,
            "test_acc": 0.7895833253860474
        },
        "laura_loncaric": {
            "iterations": 24,
            "test_acc": 0.34259259700775146
        },
        "matej_visnjic": {
            "iterations": 135,
            "test_acc": 0.7256944179534912
        },
        "matija_hamer": {
            "iterations": 174,
            "test_acc": 0.7888888716697693
        },
        "rafael_krstacic": {
            "iterations": 114,
            "test_acc": 0.7377314567565918
        }
    },
    "0.025": {
        "robert_sajina": {
            "iterations": 312,
            "test_acc": 0.8854166865348816
        },
        "romeo_sajina": {
            "iterations": 234,
            "test_acc": 0.8988425731658936
        },
        "alesandro_zuzic": {
            "iterations": 294,
            "test_acc": 0.8458333611488342
        },
        "luka_blaskovic": {
            "iterations": 282,
            "test_acc": 0.8643518686294556
        },
        "laura_loncaric": {
            "iterations": 108,
            "test_acc": 0.5583333373069763
        },
        "matej_visnjic": {
            "iterations": 306,
            "test_acc": 0.8847222328186035
        },
        "matija_hamer": {
            "iterations": 240,
            "test_acc": 0.8222222328186035
        },
        "rafael_krstacic": {
            "iterations": 318,
            "test_acc": 0.8770833611488342
        }
    },
    "0.05": {
        "robert_sajina": {
            "iterations": 627,
            "test_acc": 0.970370352268219
        },
        "romeo_sajina": {
            "iterations": 594,
            "test_acc": 0.9990741014480591
        },
        "alesandro_zuzic": {
            "iterations": 451,
            "test_acc": 0.9356481432914734
        },
        "luka_blaskovic": {
            "iterations": 660,
            "test_acc": 0.9798611402511597
        },
        "laura_loncaric": {
            "iterations": 858,
            "test_acc": 0.8650463223457336
        },
        "matej_visnjic": {
            "iterations": 462,
            "test_acc": 0.9560185074806213
        },
        "matija_hamer": {
            "iterations": 803,
            "test_acc": 0.9793981313705444
        },
        "rafael_krstacic": {
            "iterations": 638,
            "test_acc": 0.9527778029441833
        }
    },
    "0.1": {
        "robert_sajina": {
            "iterations": 1512,
            "test_acc": 0.9974536895751953
        },
        "romeo_sajina": {
            "iterations": 882,
            "test_acc": 0.9990741014480591
        },
        "alesandro_zuzic": {
            "iterations": 1260,
            "test_acc": 0.9817129373550415
        },
        "luka_blaskovic": {
            "iterations": 1113,
            "test_acc": 0.9986110925674438
        },
        "laura_loncaric": {
            "iterations": 1491,
            "test_acc": 0.9736111164093018
        },
        "matej_visnjic": {
            "iterations": 1029,
            "test_acc": 0.9925925731658936
        },
        "matija_hamer": {
            "iterations": 1386,
            "test_acc": 0.9988425970077515
        },
        "rafael_krstacic": {
            "iterations": 1680,
            "test_acc": 0.9939814805984497
        }
    },
    "0.2": {
        "robert_sajina": {
            "iterations": 2993,
            "test_acc": 0.9988425970077515
        },
        "romeo_sajina": {
            "iterations": 3485,
            "test_acc": 1.0
        },
        "alesandro_zuzic": {
            "iterations": 2337,
            "test_acc": 0.9995370507240295
        },
        "luka_blaskovic": {
            "iterations": 2747,
            "test_acc": 1.0
        },
        "laura_loncaric": {
            "iterations": 2337,
            "test_acc": 0.9981481432914734
        },
        "matej_visnjic": {
            "iterations": 3813,
            "test_acc": 1.0
        },
        "matija_hamer": {
            "iterations": 2214,
            "test_acc": 1.0
        },
        "rafael_krstacic": {
            "iterations": 3485,
            "test_acc": 1.0
        }
    },
    "0.3": {
        "robert_sajina": {
            "iterations": 3965,
            "test_acc": 1.0
        },
        "romeo_sajina": {
            "iterations": 5978,
            "test_acc": 1.0
        },
        "alesandro_zuzic": {
            "iterations": 2745,
            "test_acc": 1.0
        },
        "luka_blaskovic": {
            "iterations": 6100,
            "test_acc": 1.0
        },
        "laura_loncaric": {
            "iterations": 3294,
            "test_acc": 1.0
        },
        "matej_visnjic": {
            "iterations": 6649,
            "test_acc": 1.0
        },
        "matija_hamer": {
            "iterations": 5978,
            "test_acc": 1.0
        },
        "rafael_krstacic": {
            "iterations": 3782,
            "test_acc": 1.0
        }
    },
    "0.4": {
        "robert_sajina": {
            "iterations": 3969,
            "test_acc": 1.0
        },
        "romeo_sajina": {
            "iterations": 6804,
            "test_acc": 1.0
        },
        "alesandro_zuzic": {
            "iterations": 4860,
            "test_acc": 1.0
        },
        "luka_blaskovic": {
            "iterations": 5022,
            "test_acc": 1.0
        },
        "laura_loncaric": {
            "iterations": 2349,
            "test_acc": 0.9997684955596924
        },
        "matej_visnjic": {
            "iterations": 7209,
            "test_acc": 1.0
        },
        "matija_hamer": {
            "iterations": 8100,
            "test_acc": 1.0
        },
        "rafael_krstacic": {
            "iterations": 6237,
            "test_acc": 1.0
        }
    },