{
    "0.001": {
        "robert_sajina": {
            "iterations": 97,
            "test_acc": 0.5837963223457336
        },
        "romeo_sajina": {
            "iterations": 5,
            "test_acc": 0.27986112236976624
        },
        "alesandro_zuzic": {
            "iterations": 110,
            "test_acc": 0.6037036776542664
        },
        "luka_blaskovic": {
            "iterations": 10,
            "test_acc": 0.2162037044763565
        },
        "laura_loncaric": {
            "iterations": 65,
            "test_acc": 0.37986111640930176
        },
        "matej_visnjic": {
            "iterations": 48,
            "test_acc": 0.3680555522441864
        },
        "matija_hamer": {
            "iterations": 15,
            "test_acc": 0.2993055582046509
        },
        "rafael_krstacic": {
            "iterations": 35,
            "test_acc": 0.48217591643333435
        }
    },
    "0.005": {
        "robert_sajina": {
            "iterations": 250,
            "test_acc": 0.8465277552604675
        },
        "romeo_sajina": {
            "iterations": 142,
            "test_acc": 0.8381944298744202
        },
        "alesandro_zuzic": {
            "iterations": 119,
            "test_acc": 0.637499988079071
        },
        "luka_blaskovic": {
            "iterations": 69,
            "test_acc": 0.5863425731658936
        },
        "laura_loncaric": {
            "iterations": 103,
            "test_acc": 0.43078702688217163
        },
        "matej_visnjic": {
            "iterations": 171,
            "test_acc": 0.6395833492279053
        },
        "matija_hamer": {
            "iterations": 145,
            "test_acc": 0.6738426089286804
        },
        "rafael_krstacic": {
            "iterations": 165,
            "test_acc": 0.6613426208496094
        }
    },
    "0.01": {
        "robert_sajina": {
            "iterations": 177,
            "test_acc": 0.7363426089286804
        },
        "romeo_sajina": {
            "iterations": 90,
            "test_acc": 0.6895833611488342
        },
        "alesandro_zuzic": {
            "iterations": 156,
            "test_acc": 0.6013888716697693
        },
        "luka_blaskovic": {
            "iterations": 78,
            "test_acc": 0.4219907522201538
        },
        "laura_loncaric": {
            "iterations": 96,
            "test_acc": 0.2831018567085266
        },
        "matej_visnjic": {
            "iterations": 48,
            "test_acc": 0.30162036418914795
        },
        "matija_hamer": {
            "iterations": 81,
            "test_acc": 0.46041667461395264
        },
        "rafael_krstacic": {
            "iterations": 84,
            "test_acc": 0.4655092656612396
        }
    },
    "0.025": {
        "robert_sajina": {
            "iterations": 630,
            "test_acc": 0.9307870268821716
        },
        "romeo_sajina": {
            "iterations": 654,
            "test_acc": 0.9696758985519409
        },
        "alesandro_zuzic": {
            "iterations": 630,
            "test_acc": 0.8173611164093018
        },
        "luka_blaskovic": {
            "iterations": 468,
            "test_acc": 0.8745370507240295
        },
        "laura_loncaric": {
            "iterations": 462,
            "test_acc": 0.5594907402992249
        },
        "matej_visnjic": {
            "iterations": 426,
            "test_acc": 0.8224536776542664
        },
        "matija_hamer": {
            "iterations": 816,
            "test_acc": 0.8881944417953491
        },
        "rafael_krstacic": {
            "iterations": 684,
            "test_acc": 0.8594907522201538
        }
    },
    "0.05": {
        "robert_sajina": {
            "iterations": 1650,
            "test_acc": 0.9837962985038757
        },
        "romeo_sajina": {
            "iterations": 1243,
            "test_acc": 0.9956018328666687
        },
        "alesandro_zuzic": {
            "iterations": 726,
            "test_acc": 0.9196759462356567
        },
        "luka_blaskovic": {
            "iterations": 1782,
            "test_acc": 0.958564817905426
        },
        "laura_loncaric": {
            "iterations": 572,
            "test_acc": 0.7041666507720947
        },
        "matej_visnjic": {
            "iterations": 957,
            "test_acc": 0.9590277671813965
        },
        "matija_hamer": {
            "iterations": 1166,
            "test_acc": 0.9680555462837219
        },
        "rafael_krstacic": {
            "iterations": 1386,
            "test_acc": 0.9655092358589172
        }
    },
    "0.1": {
        "robert_sajina": {
            "iterations": 2142,
            "test_acc": 0.9893518686294556
        },
        "romeo_sajina": {
            "iterations": 1785,
            "test_acc": 0.9990741014480591
        },
        "alesandro_zuzic": {
            "iterations": 2856,
            "test_acc": 0.9798611402511597
        },
        "luka_blaskovic": {
            "iterations": 1617,
            "test_acc": 0.9916666746139526
        },
        "laura_loncaric": {
            "iterations": 4116,
            "test_acc": 0.970370352268219
        },
        "matej_visnjic": {
            "iterations": 2121,
            "test_acc": 0.9893518686294556
        },
        "matija_hamer": {
            "iterations": 4641,
            "test_acc": 0.9990741014480591
        },
        "rafael_krstacic": {
            "iterations": 2877,
            "test_acc": 0.9870370626449585
        }
    },
    "0.2": {
        "robert_sajina": {
            "iterations": 4223,
            "test_acc": 0.9993055462837219
        },
        "romeo_sajina": {
            "iterations": 20377,
            "test_acc": 1.0
        },
        "alesandro_zuzic": {
            "iterations": 3075,
            "test_acc": 0.9974536895751953
        },
        "luka_blaskovic": {
            "iterations": 8159,
            "test_acc": 1.0
        },
        "laura_loncaric": {
            "iterations": 13284,
            "test_acc": 1.0
        },
        "matej_visnjic": {
            "iterations": 10414,
            "test_acc": 1.0
        },
        "matija_hamer": {
            "iterations": 5125,
            "test_acc": 0.998379647731781
        },
        "rafael_krstacic": {
            "iterations": 6355,
            "test_acc": 1.0
        }
    },
    "0.3": {
        "robert_sajina": {
            "iterations": 13115,
            "test_acc": 1.0
        },
        "romeo_sajina": {
            "iterations": 13847,
            "test_acc": 1.0
        },
        "alesandro_zuzic": {
            "iterations": 5612,
            "test_acc": 0.998379647731781
        },
        "luka_blaskovic": {
            "iterations": 5917,
            "test_acc": 1.0
        },
        "laura_loncaric": {
            "iterations": 14579,
            "test_acc": 0.9997684955596924
        },
        "matej_visnjic": {
            "iterations": 22936,
            "test_acc": 1.0
        },
        "matija_hamer": {
            "iterations": 24888,
            "test_acc": 1.0
        },
        "rafael_krstacic": {
            "iterations": 19154,
            "test_acc": 1.0
        }
    },
    "0.4": {
        "robert_sajina": {
            "iterations": 9639,
            "test_acc": 1.0
        },
        "romeo_sajina": {
            "iterations": 25029,
            "test_acc": 1.0
        },
        "alesandro_zuzic": {
            "iterations": 14094,
            "test_acc": 1.0
        },
        "luka_blaskovic": {
            "iterations": 26730,
            "test_acc": 1.0
        },
        "laura_loncaric": {
            "iterations": 38880,
            "test_acc": 1.0
        },
        "matej_visnjic": {
            "iterations": 26649,
            "test_acc": 1.0
        },
        "matija_hamer": {
            "iterations": 22842,
            "test_acc": 1.0
        },
        "rafael_krstacic": {
            "iterations": 10935,