{
    "0.001": {
        "robert_sajina": {
            "iterations": 1000,
            "test_acc": 0.29629629850387573
        },
        "romeo_sajina": {
            "iterations": 1000,
            "test_acc": 0.5895833373069763
        },
        "alesandro_zuzic": {
            "iterations": 656,
            "test_acc": 0.32175925374031067
        },
        "luka_blaskovic": {
            "iterations": 916,
            "test_acc": 0.3664351999759674
        },
        "laura_loncaric": {
            "iterations": 40,
            "test_acc": 0.22800925374031067
        },
        "matej_visnjic": {
            "iterations": 53,
            "test_acc": 0.3342592716217041
        },
        "matija_hamer": {
            "iterations": 71,
            "test_acc": 0.33032408356666565
        },
        "rafael_krstacic": {
            "iterations": 842,
            "test_acc": 0.33287036418914795
        }
    },
    "0.005": {
        "robert_sajina": {
            "iterations": 1000,
            "test_acc": 0.6307870149612427
        },
        "romeo_sajina": {
            "iterations": 1000,
            "test_acc": 0.802314817905426
        },
        "alesandro_zuzic": {
            "iterations": 1000,
            "test_acc": 0.5837963223457336
        },
        "luka_blaskovic": {
            "iterations": 1000,
            "test_acc": 0.5157407522201538
        },
        "laura_loncaric": {
            "iterations": 149,
            "test_acc": 0.2944444417953491
        },
        "matej_visnjic": {
            "iterations": 1000,
            "test_acc": 0.5064814686775208
        },
        "matija_hamer": {
            "iterations": 841,
            "test_acc": 0.6016203761100769
        },
        "rafael_krstacic": {
            "iterations": 714,
            "test_acc": 0.572685182094574
        }
    },
    "0.01": {
        "robert_sajina": {
            "iterations": 1002,
            "test_acc": 0.6502314805984497
        },
        "romeo_sajina": {
            "iterations": 336,
            "test_acc": 0.6900463104248047
        },
        "alesandro_zuzic": {
            "iterations": 1143,
            "test_acc": 0.6324074268341064
        },
        "luka_blaskovic": {
            "iterations": 384,
            "test_acc": 0.44837963581085205
        },
        "laura_loncaric": {
            "iterations": 324,
            "test_acc": 0.28263887763023376
        },
        "matej_visnjic": {
            "iterations": 327,
            "test_acc": 0.4252314865589142
        },
        "matija_hamer": {
            "iterations": 291,
            "test_acc": 0.4520833194255829
        },
        "rafael_krstacic": {
            "iterations": 423,
            "test_acc": 0.43078702688217163
        }
    },
    "0.025": {
        "robert_sajina": {
            "iterations": 1752,
            "test_acc": 0.8629629611968994
        },
        "romeo_sajina": {
            "iterations": 1584,
            "test_acc": 0.9349536895751953
        },
        "alesandro_zuzic": {
            "iterations": 2268,
            "test_acc": 0.8118055462837219
        },
        "luka_blaskovic": {
            "iterations": 1386,
            "test_acc": 0.7638888955116272
        },
        "laura_loncaric": {
            "iterations": 684,
            "test_acc": 0.3291666805744171
        },
        "matej_visnjic": {
            "iterations": 1374,
            "test_acc": 0.7884259223937988
        },
        "matija_hamer": {
            "iterations": 1182,
            "test_acc": 0.792129635810852
        },
        "rafael_krstacic": {
            "iterations": 1062,
            "test_acc": 0.7460648417472839
        }
    },
    "0.05": {
        "robert_sajina": {
            "iterations": 3289,
            "test_acc": 0.9472222328186035
        },
        "romeo_sajina": {
            "iterations": 4455,
            "test_acc": 0.9831018447875977
        },
        "alesandro_zuzic": {
            "iterations": 5159,
            "test_acc": 0.9118055701255798
        },
        "luka_blaskovic": {
            "iterations": 3542,
            "test_acc": 0.9217592477798462
        },
        "laura_loncaric": {
            "iterations": 2783,
            "test_acc": 0.6951388716697693
        },
        "matej_visnjic": {
            "iterations": 4169,
            "test_acc": 0.9326388835906982
        },
        "matija_hamer": {
            "iterations": 3355,
            "test_acc": 0.9502314925193787
        },
        "rafael_krstacic": {
            "iterations": 3916,
            "test_acc": 0.9136574268341064
        }
    },
    "0.1": {
        "robert_sajina": {
            "iterations": 5313,
            "test_acc": 0.9851852059364319
        },
        "romeo_sajina": {
            "iterations": 6678,
            "test_acc": 0.9937499761581421
        },
        "alesandro_zuzic": {
            "iterations": 6048,
            "test_acc": 0.9594907164573669
        },
        "luka_blaskovic": {
            "iterations": 9912,
            "test_acc": 0.9854166507720947
        },
        "laura_loncaric": {
            "iterations": 4557,
            "test_acc": 0.8159722089767456
        },
        "matej_visnjic": {
            "iterations": 5733,
            "test_acc": 0.9870370626449585
        },
        "matija_hamer": {
            "iterations": 8673,
            "test_acc": 0.9902777671813965
        },
        "rafael_krstacic": {
            "iterations": 8400,
            "test_acc": 0.9856481552124023
        }
    },
    "0.2": {
        "robert_sajina": {
            "iterations": 7462,
            "test_acc": 0.9965277910232544
        },
        "romeo_sajina": {
            "iterations": 5781,
            "test_acc": 0.9997684955596924
        },
        "alesandro_zuzic": {
            "iterations": 7585,
            "test_acc": 0.9907407164573669
        },
        "luka_blaskovic": {
            "iterations": 19229,
            "test_acc": 1.0
        },
        "laura_loncaric": {
            "iterations": 9143,
            "test_acc": 0.9439814686775208
        },
        "matej_visnjic": {
            "iterations": 10824,
            "test_acc": 0.9986110925674438
        },
        "matija_hamer": {
            "iterations": 8569,
            "test_acc": 0.9979166388511658
        },
        "rafael_krstacic": {
            "iterations": 9840,
            "test_acc": 0.9946759343147278
        }
    },
    "0.3": {
        "robert_sajina": {
            "iterations": 15799,
            "test_acc": 0.9995370507240295
        },
        "romeo_sajina": {
            "iterations": 45140,
            "test_acc": 1.0
        },
        "alesandro_zuzic": {
            "iterations": 11712,
            "test_acc": 0.9993055462837219
        },
        "luka_blaskovic": {
            "iterations": 36661,
            "test_acc": 1.0
        },
        "laura_loncaric": {
            "iterations": 9943,
            "test_acc": 0.9571759104728699
        },
        "matej_visnjic": {
            "iterations": 11895,
            "test_acc": 1.0
        },
        "matija_hamer": {
            "iterations": 21533,
            "test_acc": 1.0
        },
        "rafael_krstacic": {
            "iterations": 15677,
            "test_acc": 1.0
        }
    },
    "0.4": {
        "robert_sajina": {
            "iterations": 24705,
            "test_acc": 1.0
        },
        "romeo_sajina": {
            "iterations": 40176,
            "test_acc": 1.0
        },
        "alesandro_zuzic": {
            "iterations": 17577,
            "test_acc": 0.9995370507240295
        },
        "luka_blaskovic": {
            "iterations": 24381,
            "test_acc": 1.0
        },
        "laura_loncaric": {
            "iterations": 19440,
            "test_acc": 0.9937499761581421
        },
        "matej_visnjic": {
            "iterations": 23247,
            "test_acc": 1.0
        },