{
    "0.001": {
        "robert_sajina": {
            "iterations": 16,
            "test_acc": 0.31481480598449707
        },
        "romeo_sajina": {
            "iterations": 46,
            "test_acc": 0.6108796000480652
        },
        "alesandro_zuzic": {
            "iterations": 36,
            "test_acc": 0.5111111402511597
        },
        "luka_blaskovic": {
            "iterations": 65,
            "test_acc": 0.5122685432434082
        },
        "laura_loncaric": {
            "iterations": 5,
            "test_acc": 0.26597222685813904
        },
        "matej_visnjic": {
            "iterations": 20,
            "test_acc": 0.3409722149372101
        },
        "matija_hamer": {
            "iterations": 5,
            "test_acc": 0.25115740299224854
        },
        "rafael_krstacic": {
            "iterations": 31,
            "test_acc": 0.4722222089767456
        }
    },
    "0.005": {
        "robert_sajina": {
            "iterations": 95,
            "test_acc": 0.6543981432914734
        },
        "romeo_sajina": {
            "iterations": 429,
            "test_acc": 0.8782407641410828
        },
        "alesandro_zuzic": {
            "iterations": 92,
            "test_acc": 0.6907407641410828
        },
        "luka_blaskovic": {
            "iterations": 61,
            "test_acc": 0.6949074268341064
        },
        "laura_loncaric": {
            "iterations": 5,
            "test_acc": 0.25578704476356506
        },
        "matej_visnjic": {
            "iterations": 206,
            "test_acc": 0.6902777552604675
        },
        "matija_hamer": {
            "iterations": 141,
            "test_acc": 0.6837962865829468
        },
        "rafael_krstacic": {
            "iterations": 66,
            "test_acc": 0.6886574029922485
        }
    },
    "0.01": {
        "robert_sajina": {
            "iterations": 114,
            "test_acc": 0.7935185432434082
        },
        "romeo_sajina": {
            "iterations": 111,
            "test_acc": 0.8564814925193787
        },
        "alesandro_zuzic": {
            "iterations": 96,
            "test_acc": 0.7662037014961243
        },
        "luka_blaskovic": {
            "iterations": 81,
            "test_acc": 0.7111111283302307
        },
        "laura_loncaric": {
            "iterations": 222,
            "test_acc": 0.4523148238658905
        },
        "matej_visnjic": {
            "iterations": 84,
            "test_acc": 0.6715278029441833
        },
        "matija_hamer": {
            "iterations": 99,
            "test_acc": 0.7604166865348816
        },
        "rafael_krstacic": {
            "iterations": 171,
            "test_acc": 0.7696759104728699
        }
    },
    "0.025": {
        "robert_sajina": {
            "iterations": 264,
            "test_acc": 0.904629647731781
        },
        "romeo_sajina": {
            "iterations": 312,
            "test_acc": 0.9638888835906982
        },
        "alesandro_zuzic": {
            "iterations": 462,
            "test_acc": 0.8798611164093018
        },
        "luka_blaskovic": {
            "iterations": 276,
            "test_acc": 0.8847222328186035
        },
        "laura_loncaric": {
            "iterations": 60,
            "test_acc": 0.3569444417953491
        },
        "matej_visnjic": {
            "iterations": 438,
            "test_acc": 0.918749988079071
        },
        "matija_hamer": {
            "iterations": 552,
            "test_acc": 0.9101851582527161
        },
        "rafael_krstacic": {
            "iterations": 252,
            "test_acc": 0.8506944179534912
        }
    },
    "0.05": {
        "robert_sajina": {
            "iterations": 759,
            "test_acc": 0.9729166626930237
        },
        "romeo_sajina": {
            "iterations": 528,
            "test_acc": 0.9907407164573669
        },
        "alesandro_zuzic": {
            "iterations": 484,
            "test_acc": 0.9238426089286804
        },
        "luka_blaskovic": {
            "iterations": 418,
            "test_acc": 0.956250011920929
        },
        "laura_loncaric": {
            "iterations": 451,
            "test_acc": 0.4756944477558136
        },
        "matej_visnjic": {
            "iterations": 660,
            "test_acc": 0.9662036895751953
        },
        "matija_hamer": {
            "iterations": 616,
            "test_acc": 0.9731481671333313
        },
        "rafael_krstacic": {
            "iterations": 561,
            "test_acc": 0.9692129492759705
        }
    },
    "0.1": {
        "robert_sajina": {
            "iterations": 1701,
            "test_acc": 0.9960648417472839
        },
        "romeo_sajina": {
            "iterations": 1470,
            "test_acc": 1.0
        },
        "alesandro_zuzic": {
            "iterations": 1050,
            "test_acc": 0.987500011920929
        },
        "luka_blaskovic": {
            "iterations": 1323,
            "test_acc": 0.9981481432914734
        },
        "laura_loncaric": {
            "iterations": 987,
            "test_acc": 0.6002314686775208
        },
        "matej_visnjic": {
            "iterations": 1974,
            "test_acc": 1.0
        },
        "matija_hamer": {
            "iterations": 1176,
            "test_acc": 0.9974536895751953
        },
        "rafael_krstacic": {
            "iterations": 1344,
            "test_acc": 0.9986110925674438
        }
    },
    "0.2": {
        "robert_sajina": {
            "iterations": 2993,
            "test_acc": 1.0
        },
        "romeo_sajina": {
            "iterations": 2542,
            "test_acc": 1.0
        },
        "alesandro_zuzic": {
            "iterations": 2952,
            "test_acc": 0.9988425970077515
        },
        "luka_blaskovic": {
            "iterations": 2173,
            "test_acc": 1.0
        },
        "laura_loncaric": {
            "iterations": 984,
            "test_acc": 0.6499999761581421
        },
        "matej_visnjic": {
            "iterations": 5125,
            "test_acc": 1.0
        },
        "matija_hamer": {
            "iterations": 2337,
            "test_acc": 0.9981481432914734
        },
        "rafael_krstacic": {
            "iterations": 2132,
            "test_acc": 1.0
        }
    },
    "0.3": {
        "robert_sajina": {
            "iterations": 4148,
            "test_acc": 1.0
        },
        "romeo_sajina": {
            "iterations": 3355,
            "test_acc": 1.0
        },
        "alesandro_zuzic": {
            "iterations": 6344,
            "test_acc": 1.0
        },
        "luka_blaskovic": {
            "iterations": 3416,
            "test_acc": 1.0
        },
        "laura_loncaric": {
            "iterations": 1159,
            "test_acc": 0.7333333492279053
        },
        "matej_visnjic": {
            "iterations": 8845,
            "test_acc": 1.0
        },
        "matija_hamer": {
            "iterations": 3355,
            "test_acc": 1.0
        },
        "rafael_krstacic": {
            "iterations": 4026,
            "test_acc": 1.0
        }
    },
    "0.4": {
        "robert_sajina": {
            "iterations": 6966,
            "test_acc": 1.0
        },
        "romeo_sajina": {
            "iterations": 10206,
            "test_acc": 1.0
        },
        "alesandro_zuzic": {
            "iterations": 7290,
            "test_acc": 1.0
        },
        "luka_blaskovic": {
            "iterations": 5832,
            "test_acc": 1.0
        },
        "laura_loncaric": {
            "iterations": 1782,
            "test_acc": 0.8187500238418579
        },
        "matej_visnjic": {
            "iterations": 11259,
            "test_acc": 1.0
        },
        "matija_hamer": {
            "iterations": 5589,
            "test_acc": 1.0
        },
        "rafael_krstacic": {
            "iterations": 7290,
            "test_acc": 1.0
        }
    },