{
    "0.001": {
        "robert_sajina": {
            "iterations": 30,
            "test_acc": 0.26851850748062134
        },
        "romeo_sajina": {
            "iterations": 10,
            "test_acc": 0.4233796298503876
        },
        "alesandro_zuzic": {
            "iterations": 15,
            "test_acc": 0.3481481373310089
        },
        "luka_blaskovic": {
            "iterations": 17,
            "test_acc": 0.27731481194496155
        },
        "laura_loncaric": {
            "iterations": 40,
            "test_acc": 0.32685184478759766
        },
        "matej_visnjic": {
            "iterations": 10,
            "test_acc": 0.36921295523643494
        },
        "matija_hamer": {
            "iterations": 6,
            "test_acc": 0.3342592716217041
        },
        "rafael_krstacic": {
            "iterations": 16,
            "test_acc": 0.4071759283542633
        }
    },
    "0.005": {
        "robert_sajina": {
            "iterations": 401,
            "test_acc": 0.6569444537162781
        },
        "romeo_sajina": {
            "iterations": 816,
            "test_acc": 0.8870370388031006
        },
        "alesandro_zuzic": {
            "iterations": 407,
            "test_acc": 0.5946758985519409
        },
        "luka_blaskovic": {
            "iterations": 123,
            "test_acc": 0.5782407522201538
        },
        "laura_loncaric": {
            "iterations": 68,
            "test_acc": 0.4168981611728668
        },
        "matej_visnjic": {
            "iterations": 322,
            "test_acc": 0.5342592597007751
        },
        "matija_hamer": {
            "iterations": 387,
            "test_acc": 0.6581018567085266
        },
        "rafael_krstacic": {
            "iterations": 23,
            "test_acc": 0.4819444417953491
        }
    },
    "0.01": {
        "robert_sajina": {
            "iterations": 123,
            "test_acc": 0.654629647731781
        },
        "romeo_sajina": {
            "iterations": 54,
            "test_acc": 0.7442129850387573
        },
        "alesandro_zuzic": {
            "iterations": 63,
            "test_acc": 0.543749988079071
        },
        "luka_blaskovic": {
            "iterations": 129,
            "test_acc": 0.6472222208976746
        },
        "laura_loncaric": {
            "iterations": 96,
            "test_acc": 0.38587963581085205
        },
        "matej_visnjic": {
            "iterations": 15,
            "test_acc": 0.36574074625968933
        },
        "matija_hamer": {
            "iterations": 105,
            "test_acc": 0.6712962985038757
        },
        "rafael_krstacic": {
            "iterations": 27,
            "test_acc": 0.4453703761100769
        }
    },
    "0.025": {
        "robert_sajina": {
            "iterations": 408,
            "test_acc": 0.8361111283302307
        },
        "romeo_sajina": {
            "iterations": 342,
            "test_acc": 0.9416666626930237
        },
        "alesandro_zuzic": {
            "iterations": 336,
            "test_acc": 0.7319444417953491
        },
        "luka_blaskovic": {
            "iterations": 438,
            "test_acc": 0.7925925850868225
        },
        "laura_loncaric": {
            "iterations": 156,
            "test_acc": 0.5270833373069763
        },
        "matej_visnjic": {
            "iterations": 396,
            "test_acc": 0.7562500238418579
        },
        "matija_hamer": {
            "iterations": 366,
            "test_acc": 0.7754629850387573
        },
        "rafael_krstacic": {
            "iterations": 54,
            "test_acc": 0.521064817905426
        }
    },
    "0.05": {
        "robert_sajina": {
            "iterations": 594,
            "test_acc": 0.9379629492759705
        },
        "romeo_sajina": {
            "iterations": 495,
            "test_acc": 0.9888888597488403
        },
        "alesandro_zuzic": {
            "iterations": 418,
            "test_acc": 0.8696759343147278
        },
        "luka_blaskovic": {
            "iterations": 759,
            "test_acc": 0.9342592358589172
        },
        "laura_loncaric": {
            "iterations": 154,
            "test_acc": 0.32083332538604736
        },
        "matej_visnjic": {
            "iterations": 649,
            "test_acc": 0.897685170173645
        },
        "matija_hamer": {
            "iterations": 627,
            "test_acc": 0.9321759343147278
        },
        "rafael_krstacic": {
            "iterations": 638,
            "test_acc": 0.9152777791023254
        }
    },
    "0.1": {
        "robert_sajina": {
            "iterations": 1092,
            "test_acc": 0.9729166626930237
        },
        "romeo_sajina": {
            "iterations": 1008,
            "test_acc": 1.0
        },
        "alesandro_zuzic": {
            "iterations": 1386,
            "test_acc": 0.9717592597007751
        },
        "luka_blaskovic": {
            "iterations": 945,
            "test_acc": 0.9712963104248047
        },
        "laura_loncaric": {
            "iterations": 168,
            "test_acc": 0.35972222685813904
        },
        "matej_visnjic": {
            "iterations": 1743,
            "test_acc": 0.9842592477798462
        },
        "matija_hamer": {
            "iterations": 1470,
            "test_acc": 0.9912037253379822
        },
        "rafael_krstacic": {
            "iterations": 1155,
            "test_acc": 0.9793981313705444
        }
    },
    "0.2": {
        "robert_sajina": {
            "iterations": 3198,
            "test_acc": 0.998379647731781
        },
        "romeo_sajina": {
            "iterations": 3034,
            "test_acc": 1.0
        },
        "alesandro_zuzic": {
            "iterations": 2952,
            "test_acc": 0.9979166388511658
        },
        "luka_blaskovic": {
            "iterations": 2173,
            "test_acc": 1.0
        },
        "laura_loncaric": {
            "iterations": 328,
            "test_acc": 0.4254629611968994
        },
        "matej_visnjic": {
            "iterations": 2542,
            "test_acc": 0.998379647731781
        },
        "matija_hamer": {
            "iterations": 2665,
            "test_acc": 1.0
        },
        "rafael_krstacic": {
            "iterations": 3116,
            "test_acc": 1.0
        }
    },
    "0.3": {
        "robert_sajina": {
            "iterations": 6405,
            "test_acc": 0.9995370507240295
        },
        "romeo_sajina": {
            "iterations": 6893,
            "test_acc": 1.0
        },
        "alesandro_zuzic": {
            "iterations": 1525,
            "test_acc": 0.9986110925674438
        },
        "luka_blaskovic": {
            "iterations": 3111,
            "test_acc": 1.0
        },
        "laura_loncaric": {
            "iterations": 1098,
            "test_acc": 0.6631944179534912
        },
        "matej_visnjic": {
            "iterations": 2562,
            "test_acc": 0.9997684955596924
        },
        "matija_hamer": {
            "iterations": 4331,
            "test_acc": 1.0
        },
        "rafael_krstacic": {
            "iterations": 3111,
            "test_acc": 1.0
        }
    },
    "0.4": {
        "robert_sajina": {
            "iterations": 4212,
            "test_acc": 1.0
        },
        "romeo_sajina": {
            "iterations": 5751,
            "test_acc": 1.0
        },
        "alesandro_zuzic": {
            "iterations": 3321,
            "test_acc": 1.0
        },
        "luka_blaskovic": {
            "iterations": 3078,
            "test_acc": 0.9997684955596924
        },
        "laura_loncaric": {
            "iterations": 1782,
            "test_acc": 0.6770833134651184
        },
        "matej_visnjic": {
            "iterations": 6723,
            "test_acc": 1.0
        },
        "matija_hamer": {
            "iterations": 3078,
            "test_acc": 1.0
        },