{
    "0.001": {
        "robert_sajina": {
            "iterations": 129,
            "test_acc": 0.5752314925193787
        },
        "romeo_sajina": {
            "iterations": 23,
            "test_acc": 0.4513888955116272
        },
        "alesandro_zuzic": {
            "iterations": 248,
            "test_acc": 0.5951389074325562
        },
        "luka_blaskovic": {
            "iterations": 37,
            "test_acc": 0.4289351999759674
        },
        "laura_loncaric": {
            "iterations": 22,
            "test_acc": 0.43611112236976624
        },
        "matej_visnjic": {
            "iterations": 309,
            "test_acc": 0.5219907164573669
        },
        "matija_hamer": {
            "iterations": 20,
            "test_acc": 0.3826389014720917
        },
        "rafael_krstacic": {
            "iterations": 74,
            "test_acc": 0.5321758985519409
        }
    },
    "0.005": {
        "robert_sajina": {
            "iterations": 307,
            "test_acc": 0.7872685194015503
        },
        "romeo_sajina": {
            "iterations": 282,
            "test_acc": 0.8594907522201538
        },
        "alesandro_zuzic": {
            "iterations": 117,
            "test_acc": 0.7298611402511597
        },
        "luka_blaskovic": {
            "iterations": 15,
            "test_acc": 0.31388887763023376
        },
        "laura_loncaric": {
            "iterations": 27,
            "test_acc": 0.3895833194255829
        },
        "matej_visnjic": {
            "iterations": 10,
            "test_acc": 0.3168981373310089
        },
        "matija_hamer": {
            "iterations": 11,
            "test_acc": 0.2474537044763565
        },
        "rafael_krstacic": {
            "iterations": 113,
            "test_acc": 0.6884258985519409
        }
    },
    "0.01": {
        "robert_sajina": {
            "iterations": 90,
            "test_acc": 0.5807870626449585
        },
        "romeo_sajina": {
            "iterations": 87,
            "test_acc": 0.6513888835906982
        },
        "alesandro_zuzic": {
            "iterations": 45,
            "test_acc": 0.3134259283542633
        },
        "luka_blaskovic": {
            "iterations": 42,
            "test_acc": 0.38148146867752075
        },
        "laura_loncaric": {
            "iterations": 36,
            "test_acc": 0.3236111104488373
        },
        "matej_visnjic": {
            "iterations": 42,
            "test_acc": 0.32407405972480774
        },
        "matija_hamer": {
            "iterations": 108,
            "test_acc": 0.4810185134410858
        },
        "rafael_krstacic": {
            "iterations": 96,
            "test_acc": 0.5432870388031006
        }
    },
    "0.025": {
        "robert_sajina": {
            "iterations": 510,
            "test_acc": 0.946064829826355
        },
        "romeo_sajina": {
            "iterations": 864,
            "test_acc": 0.9708333611488342
        },
        "alesandro_zuzic": {
            "iterations": 852,
            "test_acc": 0.916435182094574
        },
        "luka_blaskovic": {
            "iterations": 612,
            "test_acc": 0.896064817905426
        },
        "laura_loncaric": {
            "iterations": 432,
            "test_acc": 0.6548610925674438
        },
        "matej_visnjic": {
            "iterations": 630,
            "test_acc": 0.8997685313224792
        },
        "matija_hamer": {
            "iterations": 816,
            "test_acc": 0.9104166626930237
        },
        "rafael_krstacic": {
            "iterations": 576,
            "test_acc": 0.8747684955596924
        }
    },
    "0.05": {
        "robert_sajina": {
            "iterations": 1342,
            "test_acc": 0.9833333492279053
        },
        "romeo_sajina": {
            "iterations": 1001,
            "test_acc": 0.9921296238899231
        },
        "alesandro_zuzic": {
            "iterations": 1078,
            "test_acc": 0.9604166746139526
        },
        "luka_blaskovic": {
            "iterations": 1111,
            "test_acc": 0.9618055820465088
        },
        "laura_loncaric": {
            "iterations": 2915,
            "test_acc": 0.9118055701255798
        },
        "matej_visnjic": {
            "iterations": 1980,
            "test_acc": 0.9784722328186035
        },
        "matija_hamer": {
            "iterations": 1452,
            "test_acc": 0.970370352268219
        },
        "rafael_krstacic": {
            "iterations": 1210,
            "test_acc": 0.9546296000480652
        }
    },
    "0.1": {
        "robert_sajina": {
            "iterations": 2604,
            "test_acc": 0.9990741014480591
        },
        "romeo_sajina": {
            "iterations": 7413,
            "test_acc": 0.9995370507240295
        },
        "alesandro_zuzic": {
            "iterations": 3108,
            "test_acc": 0.9912037253379822
        },
        "luka_blaskovic": {
            "iterations": 2961,
            "test_acc": 0.9974536895751953
        },
        "laura_loncaric": {
            "iterations": 5040,
            "test_acc": 0.9879629611968994
        },
        "matej_visnjic": {
            "iterations": 8379,
            "test_acc": 0.9986110925674438
        },
        "matija_hamer": {
            "iterations": 6090,
            "test_acc": 0.9990741014480591
        },
        "rafael_krstacic": {
            "iterations": 2289,
            "test_acc": 0.9962962865829468
        }
    },
    "0.2": {
        "robert_sajina": {
            "iterations": 9717,
            "test_acc": 1.0
        },
        "romeo_sajina": {
            "iterations": 21648,
            "test_acc": 1.0
        },
        "alesandro_zuzic": {
            "iterations": 3731,
            "test_acc": 0.9986110925674438
        },
        "luka_blaskovic": {
            "iterations": 3895,
            "test_acc": 1.0
        },
        "laura_loncaric": {
            "iterations": 8159,
            "test_acc": 0.9993055462837219
        },
        "matej_visnjic": {
            "iterations": 8077,
            "test_acc": 1.0
        },
        "matija_hamer": {
            "iterations": 7052,
            "test_acc": 1.0
        },
        "rafael_krstacic": {
            "iterations": 5371,
            "test_acc": 0.9981481432914734
        }
    },
    "0.3": {
        "robert_sajina": {
            "iterations": 5734,
            "test_acc": 0.9997684955596924
        },
        "romeo_sajina": {
            "iterations": 28914,
            "test_acc": 1.0
        },
        "alesandro_zuzic": {
            "iterations": 7137,
            "test_acc": 1.0
        },
        "luka_blaskovic": {
            "iterations": 19825,
            "test_acc": 1.0
        },
        "laura_loncaric": {
            "iterations": 11590,
            "test_acc": 1.0
        },
        "matej_visnjic": {
            "iterations": 25193,
            "test_acc": 1.0
        },
        "matija_hamer": {
            "iterations": 25620,
            "test_acc": 1.0
        },
        "rafael_krstacic": {
            "iterations": 12505,
            "test_acc": 1.0
        }
    },
    "0.4": {
        "robert_sajina": {
            "iterations": 22194,
            "test_acc": 1.0
        },
        "romeo_sajina": {
            "iterations": 25596,
            "test_acc": 1.0
        },
        "alesandro_zuzic": {
            "iterations": 26973,
            "test_acc": 1.0
        },
        "luka_blaskovic": {
            "iterations": 25596,
            "test_acc": 1.0
        },
        "laura_loncaric": {
            "iterations": 17334,
            "test_acc": 1.0
        },
        "matej_visnjic": {
            "iterations": 25677,
            "test_acc": 1.0
        },
        "matija_hamer": {
            "iterations": 27216,
            "test_acc": 1.0
        },
        "rafael_krstacic": {
            "iterations": 6723,